﻿<?xml version="1.0" encoding="utf-8"?><bwFonts xmlns:xsi="http://www.w3.org/2001/XMLSchema-instance" xmlns:xsd="http://www.w3.org/2001/XMLSchema" fontfactoryurl="story_content/FontFactory.swf"><font id="00" name="Myriad ProBold Charset1 5ec9kxMAGJq"><glyphs><g i="0" c="383" p="%^yE_v8GLo#rGunFGem#UGZk7HyjaHyj#jH_kwHem#JHunZHLooJ_vwN_vSR9f_N9fCM2m#lMyn4M0p#QLuqELVrBLVr#pLvqbL6p#ZKJnHKfmlJ9fiF9fTD2m#yDCngD6p#_CBqMCZrJCZr#wCGqfC8p#$BCnJB3mrA9fnw9fnA_v" /><g i="1" c="384" p="#^lDwjnBwjVzjksy5lExymQw$nQwZpRwYrGxmtvyLuWzvvlBfw8DfwPEgwgGzvKHSuEIqtzJ_rAJLpAJVnOIwm1I6lDGjkdFwjlDwj^eDcm5EemDEMmaFhnqF7oGFYoGFTpFFyr$ExsmEwteDyt0CvtnBvsLAurKATpKAYo_A7oeBinNBMmkCemeDcm" /><g i="2" c="385" p="#^1JNj%dFNj%dF1rdFgrbFur9FHr5FSrVEksrELsZD9tbDbtcCatKBqshBGrhBlq%hBNj%txNj%txXqvxLtHy0vTzhwMBfwSCewDDVvoEzvTE6vmFEuBFfu%FFfu%RF_v%8J_v5Jdv3Jfu2Jgt1J3s" /><g i="3" c="386" p="%^xx_vjB_vjBdexxde" /><g i="4" c="387" p="#^AFde%AFUk%wFUk5FekfETjqDwjiCwjPAwjzzhkky2lAxvmQwXnQw$pRwVrxxjtdyIuozuvAAfw2CfwfDfwfEKvgFdvTFau%WFau%5G_v%tJ_vqJmvoJounJptmJls%mJde^AFyqAFNqyF$qxFcrtFprhFesHEKs6EdtgDet3CdtmBksGArrFATpGAookBqn$BsmiDpmbErmMEZmlFunwFhoyFrozFDoAFOoAFYo" /><g i="5" c="388" p="#" /><g i="6" c="389" p="#^9wNj%DAYuKAavMAkvOAuvOAAvOAIvKARvHA_vBA7wjACwUz0xtzqx0zFxByVx9y4yKxfynxiy%ayxBVysBTz4BRAIARBRzxCfzbDiyRDlxzEOvhFeu8GQr%_INj%WENj%qDNphDjq8DXq$CyrTC2s%OC2sGCyrvCXqlCkqcCNp%nANj" /><g i="7" c="390" p="#^jB_v%jBNj%xxNj%xx_v^qzseuyteXx$epxxfqxngpxahXxJhuyfiozgilAfiUAJhrBahrBngqBxfTA$elAteqzse" /><g i="8" c="391" p="%^jBdexxdexx_vjB_vjBasiCZqfF_vWJ_vWEJoiJNjJENjfCsn#0COnOBao#AByonBWojBWo" /><g i="9" c="392" p="#^jI4rmITqoIuqrI4qrIBpsI3oVHHmmHil9GqkYEyj$CwjTAyjvzwk8yultxZmPwroQw0qRwVsxyzudAdwlDfwAEfwIF2wQGSvMHuv%gHVsvG9tGFitSEqtUDqtxCqtyBRsAAgsrA4r^qAvotAZnJApnZARmtBsmZB2mMC1mED3m6EtmAETmLEsnWE0oWEvo" /><g i="10" c="393" p="#^2yth%2yNj%qwNj%qwzm%2yzm%2yzr2yRsiyLtzyEu5zbvyzFvhAYv0BfwXBfwLCfwoD9w1E3wpEVv%nE1t6E5tTD7tED8tfD8tpC8t4CDsLB5sLB_q%LBzm%uEzm%uENj%LBNj%LBsg" /><g i="11" c="394" p="#^xx_v%jB_v%jBOpjBApkBmpmB8poBYoBB3ogCznXC2n$D1njE1nzE4nPE6n0F9n%0FzjQExjEExjtEwjdEwjiDvjmC6kqBJkWA1m%PA1m%HANj%qxNjtxykuxwlwxtmxxOn" /><g i="12" c="395" p="#^PwovxxMvyy$vzzfwMAfwpDdwKE7v3G1u3Gis3GYqgF1quE6pLCxoEB8obBRnLAynMA7nNAFm9BpmxB8mdC7m1D8mKDnmrEBmTEQm%yFckZEWj3EJjaDwj5CwjOzyjtyFk8xMl7xxn4xCoUxzpJywqBAarEBwr1CPrqC6spCzspC1t0CjtDBAtMABtUzztZyht2y$svxGs" /><g i="13" c="396" p="#^xx_v%dB_v%dBTodBEofBpohB9onBWnyBrn_B0nqCAm9Dym2EAmtEhnVEZnVE9p%VE_v%BI_v%BIRoBIDoDImoGI5oLITnXIjnoJXmRJzmvKympLzmRLiniM0oiMlp%iM_v%_P_v%_POoYP4mPOOkGNvjSLwjcLwjDKGj2KPjyJ6k6JnkIIKkjI5lZHAl%WHAlwHCkEG3kMFwjAEwjxDwjOCQj3C8kBBBk8B1lTArl%OArl%DANj%qxNjtxAkvxzlxxxmxxGn" /><g i="14" c="397" p="%^hwNjQz_vpD_vDEHr#TESq3FYp#gF1pqFUntFUn#FF0pRFWp#1GPqfGHrpH_vZK_vJONj$KNjYJDo#LJGpzJJq#oJLrfJOscJOs#0JLrNIJq#yIGpiIEo4HNj4ENjNCOo#yCIpiCJq#3CKrTBOsQBOs#GBKruBJq#jBIp7BMo9ANj" /><g i="15" c="398" p="#^xx_v%jB_v%jBLojByolBkonB5orBVnFBnn7C$mBCCmlDAmpECmSElnkF3okFhp%kF_v%6J_v%6JSo6J0nyIRl_HFk0H4k3GvjREwjjEwjPDEjjDLjTC_jqCck2CxkGBRknBel%jBel%jBde%xxde" /><g i="16" c="399" p="#^MB_v%MBzm%cEzm%cENj%LBNj%LB8jKBdi9CChBC_gwDYgUDZgbE0hvE3hLE8h%UEdevE5e$D1evDZdTCZd1CYd7BeeeAwevzbfGyYfiy3hXx9iYxij%YxNj%lwNj%lwzm%Yxzm%Yx_v" /><g i="17" c="400" p="#^sJ_v%sJzm%ULzm%ULNj%rJNj%rJ8jqJdiRJChhK_gcLYgBLZgUL0hcM3hsM8h%CMdedM5eIL1ecLZdAKZdJJYdQIeeXHwedHbfoGYf0G3hFF9iGFij%GFNj%LBNj%LBojKBsi3CShoCghdDehuDfhJDihZDlhbEqh%JEBeqEue_DpezDke5DkePBkeUAHeZz1flzEfByqggythXxviYxBj%YxNj%lwNj%lwzm%Yxzm%Yx_v%MB_v%MBzm%GFzm%GF_v" /><g i="18" c="401" p="#^MCwq%MC3qLCep2DtomDIn2EXmxEqm0FPlvFclQFsk9GHj9GLiaGIhFFQg8FXf4Epf0DSemBSe1ATeYyafUxtfbxTf%1yBiyyficz3iTzShwARhsBUhUBiilCHilCljkC_jVBDkvBflUAZl3AZmIzXnmzVoqzSp%rzwq^0Bfw1CewECCvfD_ufD_tdDYsDCls1CKr0BJr0AKrpzlsPyYsOy_tPy_upzCv$zew_Afw" /><g i="19" c="403" p="%^kF_vkFZoUK9fCG9fVEcj#xE5kdETk#WDElEDqmBDqm#hDClZCSk#GC5khCcjzA9fdw9fyB5pyB_v" /><g i="20" c="404" p="#^fGSsPF2thF9tLEft4EgtFCftIBosMAxrJARpJAkoBBonuCsm$DqmLErmgFymOFEm7GOm%JG_j6GLjlFEjBEwjQDwjyBxj_zpkqyglDxKmQwboQw$pSwVsAyzuiAdwiDfwpEfwhF4waGWvIGHv" /><g i="21" c="405" p="#^xxXA%jBXA%jBSu%nBSuOBtvCCSvqDfwyEfwXFgwbHzvsIRufJot3KXr4KJp3KMnmJnmGI_kwHfknGwj0FwjHDwjFC0kDBvkXAul%UAul%JANj%qxNjtxDkuxFlwxGmxxTn^jB3pjBVokBKomByooBooBByndC0nRCumGDtmXEvmAFsneGpofGUpeGtryFosSEjtDDltNCktbCQsBBksoByrmBnrkBarjBZqjBKq" /><g i="22" c="406" p="#^AFXA%mJXA%mJsnnJumoJAlqJFkrJNj%MFNj%GFcl%DFcl6FmkfEXjpDwjdCwjUAwjFzekryYkExpmRwSnQw2qRw$ryxotfyMuozwvyAfwUBfw6Dfw0EOvXEkvwFsu%AFsu^AFJqAFVqyF7rxFlrtFyrgFisGENs5EftgDgt3CetnBlsIAsrHAUpHAoolBrn$BumkDsmbEumME0nlFxnvFhoxFqoyFBoAFLoAFVo" /><g i="23" c="407" p="#^xx_v%jB_v%jBYojBHolBsooBcotB$nFBsn7C1nCCCmoDAmqECmTEknkF1okFep%kF_v%6J_v%6JLo4J3mSHNkFGvjLEwjKDxjZCRjdC9kJBCkdB3lZAsl%UAsl%JANj%qxNjtxAkuxzlwxxmxxGn" /><g i="24" c="408" p="#^xxlswxptuxoutxnvqx_v%EA_v%OAhu%RAhuwBmvtCPvrDgwwEfwXFfwcHxvuIOuhJkt5KSr6KGp6KOntJqmQI1lHHhkyGwj3FwjODwjSC_jWBrknBel%jBel%jBde%xxde^jB$ojBPokBEomBtooBioBBtncCYmQCrmDDqmYEtmBFqnfGmofGPpeGtrxFmsREftDDgtNCftbCLsBBfsoBtrjBarjBOq" /><g i="25" c="409" p="#^4Jpn5J2m6Jcl8JlkbJNj%UFNj%MFel%JFelfFtkqE$jCDwjmCwjRAwjBzikly4lBxwmRwYnQwWpQwHrux1t8ymuiz7vtATv_BTv2DTvUDtvKE3viFhu%lFhu%lF4vjFMwqExxyDjy9Cjy4Biy8A0ydzKxDynx%TxgAJyKATzZA2BcBgCcBDDdBVEUAcGzAeHIzfINyGInx5J_v4Jcu^iFyqiFOqgF3reFkraFyrZEesrEFsVD4taD5tYB3tjB9sGAfrFARpHAaooBhn6ComaDnmYDomtERm$EindF2ofFcogFooiFzoiFLo" /><g i="26" c="410" p="#^tzfwuAew5BCvIBZuIBYtHBVs5BhsvAFruzEruyFrTxisgxWsfxYtgxZuSxCvtyewrzfw" /><g i="27" c="411" p="%^GHNltBNltBgi2Igi2I9fFx9fFx_vpI_vpITstBTstBSoGHSo" /><g i="28" c="412" p="#^JHMoKHjneH7mKGXkyFeknExjlCwjFAxjrzTjeyckBxAk%hy0nVyEmOznmIA6mGB5m2D8muDEmXD8nVDFn%VDRnJBQn6AlovyRoCxUpJwWqJwwsJwvtbxmuFxcvxyJvqzewFAfwMBfwFCTvzDuvaEMu%fEMu%tE_v%VH_vPHtvMHHuJHVtJH0t^1Exr1EIr$DTr_D1sYDbsLDNsdDbtHCAtZBBtjBBtUAettASssA8svA2ruBCquCaq1Ecq" /><g i="29" c="413" p="#^MB_v%MBzm%nFzm%nF_v%9J_v%9JNj%LBNj%LBljKBjilCFhZC_grEYglFZg2G9hMGkhdHBh%XHJelHnelGaelFZdlEZdrCZd$AAeAzbfMyngYxyhYxfj%YxNj%lwNj%lwzm%Yxzm%Yx_v" /><g i="30" c="414" p="#^tzbouAao5BynIBVmIBWlGBTk4BgkvAEjuzDjuyEjTxgkgxUkfxWlgxVmSxyntyaorzbo^tzfwuAew5BCvIB_uIB_tGBXs4BksvAIruzHruyIrTxksgxYsfx_tgx_uSxCvtyewrzfw" /><g i="31" c="415" p="#^$wcvLxCv0zWviAewMBfw4EewAFxv5HPuQHDtAIrszI0rAIfpvH1oqGPmbE$lACplPBVk3Bpk3BDj3BYiGBvihC1iwD$hLE1iEFiixGyi2HPi%UHLf8Hof4G8f0FUeBDUeBBUeaAzfLydg_xmhexviexYjfxNluy_mJzboRBWolDrp0E_pHEwqGEhrFE7s_DCsjD5t$B6tMA5tFzNszytsNx3s" /><g i="32" c="418" p="#^ExVvhy0wjz4wmA9wMB9wgE9wTFMvvHnvoIEucJ$tGJ6t8Kcs8K3r7KqpbJnogIjnOGWm%OGTmdIkmUInlAJqkzJhjyJ7i_IihrIsgyHZfEGrfsFefhE0fzC1f5B1fLz7fqydfExnf^pBVhFBSh1CQhqCOh2DOhlEOh1FiiKFOiLFLjKFIkYEglaEPlFCQl%pBQl^pBxo%JCxoaExo8F5p6GFp9GVq8GNrHFkseFSsvE6tMDltUCltpClt2CltHBktpBht" /><g i="33" c="419" p="%^VA_vJE_vJElikJlikJ9fnw9fnwliVAli" /><g i="34" c="420" p="%^awNjdANp4w_vfA_voBOt#DBltSBUs#5CrsjCYroCYr#CCqsRCUs#4DltlDOtzE_vSI_vOEBpPINjHENjDDLl#nDcm8DGm#VC8nGCDnDCDn#nCbn7CKm#TBgmDBOlqANj" /><g i="35" c="421" p="%^8B_v8BWq#8BSo6B2n#4Bel$AAj4Byj#IB2ltCBm#eD7o$DvpBH_vAL_vAL9f5I9f5I2k#4IYl9IIn#eIrppI5rlI5r#MHFp2Hao#lGGmBFkl5C9fFx9fFx_v" /><g i="36" c="422" p="%^oGFrHH_vNL_vzG9fzB9fqw_vmA_vzBFr^6CQo6Dfl#jDvkvDEj#IDMiUD_hXD_h#7ELilEDj#zEukNEflRFQo" /><g i="37" c="423" p="#^rJxsSIMs$HWs9H4tgG5tID3tiCCrUA9qSABnTAKlABvkiCgjvDFiJE1ieG1ifH2i2IeiSIpirJFi%dKDfIJmfDI8fzHVe3GUeuDUepBXflzZg6yZiUwYkTwQnTweqSx8sSy1uPA8vNCewHFfweHfwmI0wuJNv0Kwv" /><g i="38" c="424" p="%^Lw9oLwHqhDHqhD9o" /><g i="39" c="425" p="#^Dx9f%DxyoExysozqu9BhwnEfwIHgwxJnunLusoLBo%oL9f%CH9f%CHRoBH3rOG8s$FdtvEdt1DcteC6ssB0rrBRo%rB9f" /><g i="40" c="426" p="%^5DUeFBHiCBHidAUe_x9gEAijCAljLwziLw4lGAmkGApk_xxn8AQoBB_kEBYk3DQohFxnzCtkBCokAG4lAGziCCmjBCijhF7g" /><g i="41" c="427" p="#^8M_v%SP_v%XO9f%ZJ9f%aIKkLHamlHLnXGjpAGOq%vGOqcGipQFMntFdm4FMk%qD9f%ly9f%hx_v%OA_v%5BBpbB_nfBamkBlkoBCi%sBCiLBhk8C$lyCInZCdp%MEJv%LHJv%OJ8phKEnMKYlgLfkGLCi%LLCiLLtkNLfmQL0oULyp" /><g i="42" c="428" p="%^Fx_vtB_vtBcpxHcpxH7mtB7mtBgiYHgiYH9fFx9f" /><g i="43" c="429" p="%^VK_vVFnnFK9fjG9fUEdi#AEXiiEBj#1EekKD0lHD0l#oDjk4DFj#NC_ipCdiXA9fzw9fgBtnow_vKA_v8CXs#xC4sRCmr#aDEqrDWpuDWp#QDEqaEmr#xE4s_EXswG_v" /></glyphs></font><font id="10" name="Myriad Pro Charset1 5fioNO0SyJF"><glyphs><g i="0" c="383" p="%^RD_vRDPovJ9f1H9fBEOj#6ELkGDCl#fDsmVCgnRCgn#tCpm3CAl#FBKkaBOjOy9fkw9fFBRoFB_v" /><g i="1" c="384" p="#^yHkqzHaqAHVpCHEpCHjpDHtooHvn9HwmBGEl1GMk3Fdk5EFjCCEjRAFjAzwkjynlDxRmYwioYw8qYwZrFxltmyJuHzuv0BfwUCfwkEewkF$vlGMvWGuv%yGWtXFbu8FmumExubDyu4Cyu8B6udAGtEzLs4zPr1zkq^3zMo8z_nwzanUzmmCAOlkBelrCclGDellEQl0FpmgFdnwF1ovFMo" /><g i="2" c="385" p="#^ZwpvCxNvuy0wmzfwmAfwyCdwJDevUEeuUECsUEhr5EqqiDzpJBZoyAyoZz6opzFnpzXmqzemXzNltAjlrBhliCilWCxlzDLlWD_l%tEokYD4kbDSjqCEjvBEjbAEjfz7kkyBkQxplkxcmkxbnjxgo5y8pUy0qwABqKB1rfCyrNC2sNCPsNCAtcC4uDBAuqACuAzBuOyku0y3uwxKt" /><g i="3" c="386" p="%^Xz_vXzOo#XzJmUz3l#SzpjMzRhRzPh#uAbjiBCk#6C1m$CrnlI_vxK_vxK9fvI9fvIbm#uI8oxIPp#BItrLI7tHI9t#5ISrlHwq#CG9pGFGngA9fVx9fVx_v" /><g i="4" c="387" p="#^XCEjfBEjUzpkyy9lLxBmZw0oYw2qZwYrJxltuyKuNzvv5BfwLCfweEgwCFBv_GVuSHutLI3sMIRpMI_n1IBmjHcl$FqkIEEjXCEj^UChlbEjl_E1mOFLm9GPnxGToxGWpuG$rtFhtsEzuRCCuMBBuXA$t6AotEzlsazir9zZp9zOoyzKnXzGmMA$lBBjlUChl" /><g i="5" c="388" p="#^JEUesCVeHA$fXy4hWx3jWw1lVwJnWwhqTxcsQy6uxAaveCewtEfwEGfwpIfvaKeudLgsgMiqhMonhMTklLZiqK3hJI_f1HVeJEUe^DEFgrGHgDHHhPIHipJfk$JOl$Jvn_JqpmJ$qKIAsxHwtkGsuBEuuTCsuGBwtuAAsSz1rezupdzGndzOlPzdkqADiDBFhQCHgDEFg" /><g i="6" c="389" p="%^Vx_v3A_v3AzpGBJndH_vOJ_vdDimjJ9fDG9ftBtl#9BUlPAlm#uANm8Agn3Agn3A9fVx9f" /><g i="7" c="390" p="#^Tx9f%Tx3pUxFrGyftszQuPAyvaCgwWDfwLFgwbHwvDIMurJ9tgKxrhKZo%hK9f%5I9f%5I6p3IUrZGctUFvu_DuugCvubBdt6AWr3A6p%3A9f" /><g i="8" c="391" p="#^Qx_v%0A_v%0AKo0Aro2Abo5AWnaAIntAMmeB7m0Cul7Dsl9EtlMEYlnFrmEFfnWF2oWF1p%WF_v%6I_v%6INo4IJmnHClGGukHF2kJECjRDEjlCGjjBlkiA0lRzVl%OzVl%GzVj%JxVjNxEkOxrlQxemQxan" /><g i="9" c="392" p="#^0A_v%0AVj%QxVj%Qx_v^Vy9fiy9fWxyfyxWfyxwgyx5hVxuhgyShSyShwzShUzuhgA5hfAwgfAWfUzyfxz9fVy9f" /><g i="10" c="393" p="%^kwVjWA_v0D_vMHVjtFVj7DHq#QCwrzChs#iC2t5COt0COt#QB2tABhs#lBwr2BHqGyVj" /><g i="11" c="394" p="#^Qx_v%_z_v%_zyp$zgp0A0p2ALo5AxokAgn5BvmTBKl2DIlgDIlrDKlDDLlODNl%ODIjEDGjuDFjlDEjaDEj2CEj8BlkfA2lPzhm%Jzhm%EzVj%JxVjNxKkOxGlQxCmQxGn" /><g i="12" c="395" p="#^kyGh%kyVj%swVj%swzl%kyzl%ky9sjyetvy1uIyPuazjvAzMvaA$vNAfwyBfwbCfwGC9waD3wvDXv%pDhu9DmuSCpuzCru7CrudBquRAQttAdttA4s%tAzl%DDzl%DDVj%tAVj%tA$g" /><g i="13" c="396" p="#^dwVj%HA2vMAfvOAovRAxvRACvQAIvNARvKAZvFA8whA_wNzCxhzeyPyByjy$yPxgzjxxzUwFz%rxwBSxsBAy7BjzOA8A5AeB9zbCnx8DBvhEws%AHVj%gFVj%SC$qECFrrCjsfCZs5Cwt%1CwtTBZsGBjstBFrgB2r%CyVj" /><g i="14" c="397" p="#" /><g i="15" c="398" p="#^cA_v%cAzl%8Dzl%8DVj%cAVj%cAfjcAjipAxhCAKg6BfgDBMfzCLf1DMfnDRfJDWfYD1g%gEkeXDbesD5eZC_doC_dCBZdQAfe3Awerz6fGyRflyXg1y1i2ykj%2yVj%lwVj%lwzl%2yzl%2y_v" /><g i="16" c="399" p="%^BGHqoI_vIK_vZE9flC9fDw_vSy_vCAHq^3B$oJC7k#YClj9DAi#nDPhzD3hCD3h#ODOh$Dzi#dEkjuE8k8G$o" /><g i="17" c="400" p="%^_zfeQxfeQx_v_z_v_zrr6BbqiF_vZH_vECTojHVjGEVj6B4o#RAooyAMo#gA7p2Asp_zsp" /><g i="18" c="401" p="#^jGzolGknYFdmzF5lyEnkyDFjJBEjzAEjxzXjvydkLxIk%fy9mUyKlIzvlxAgloBflCChlcDMlODem_DTmaEwn8E2o%8EioDAhoLyrpUwBqTwNsTwGthxtuIxfvwyLvlzewzAfwTBewPCJvMDbvgEsu%lEsu%wE_v%wG_vpGmvmGDujGUtjG5t^cEWrcE4s9Egs7Ers4ECsPDpt3D0ukCCu8BEuhAEuHz7u5zCt3zxs5znrSzNqDAaqOB_pZCNpcEPp" /><g i="19" c="403" p="%^Vx_vgH_vgHau3Aau3A9fVx9f" /><g i="20" c="404" p="%^Qx_v0A_v0AfeQxfe" /><g i="21" c="405" p="#^Vx_v%3A_v%3AHo%7CHoADKomEvp8FfqvFZrSFyt8GAuqGCvDG_v%TI_vCIvviIku_H8tAHnrhH2qGGbp4Gjo5FZn%5FUntGrnlHmmeIglgIBjgICiWHOhBHZgYGogaGHf_EmfPD0f4C1fWA1fQz7fKycfVxnf^3AUgkAPgTAMgrBIgdCHgZDIg0Fth4Gdi6GRj4Gjl3Fam3E0niC2n%3A2n" /><g i="22" c="406" p="#^3GTtBF5uXEhuiEtumDuuxBsumAgtcz4s9zZpazHoFzFn8ADm5B0m2CplrDolkEplYEAlBFKl_FZl%uGhk1G1kdFRjqEFjrDFjsBGj$zvkyyjlLxLmYwboYw3qYwWrHxjtryIuNzuv7BfwZCfwbEew5F$v$FMvrGxv" /><g i="23" c="407" p="#^4Gfe%4Gtl%0GtlCFJkHEbkMDFjmCEjTAEjEzqkqyclHxFmYw5oYw6qYwYrDxltjyJutzuvEAfw6CfwCDewGEAvKFWufGTt%iGTt%oG_v%nI_vjImvhIxugIHtgITs%gIfe^4GWq4Gbr2Gqr1GErZFTrEF6tLEOtTDtuLCuuyBtuLATtZzgtzzgs9zfr9z0qazGoBzDn1AAmRAZlFBmlOCll2EnlTE5mJFPmZFUn1G6o2Gmo4GCo4GPo" /><g i="24" c="408" p="#^8Idn9I7maIllcIykfIVj%kGVj%eGJl%aGJlOFXkTEjkZDGjoCEj_AEjLzokwy8lKxAmZw$nYw2qYwKrCx3tgyouqz9vAAWv5CXvvDWvtEmvrFNuYFWt%$FWt%$FgvZFxxUEwyPDwz5CvzYAuz2Acz8zXyyyyy%$xdALyIAQzYAVAcB0CcBbDdBlEUAwFAAqGMziH$yJHFx9Ijw8Ifu^_FRq_F8rXFrrUFKrOF1sqF4tBEGtNDguLChuzBguMAHtZz5tzz6s9z7r9zWpbzOnaABmaBnlMCll_DnlME1myFHmSFGnWFVnYF9o_Foo_FGo" /><g i="25" c="409" p="#^XHVj%LFVj%LFjrLFCrHFVrEFbsyFrseFctuEOtLDouECru9BpuxAntWzksXzBq%XzVj%LxVj%LxZqMx3tpydu2znv_zQvXAhwWBfw_CewNDUvAExv6F1vEFwuWF$t%ZF$t%5G_v%2I_v_HhvYHsuXHDtXHHs" /><g i="26" c="410" p="#^Vx_v%3A_v%3AepsAkpUAmpkBopQBnprDnpMEWo5GsoZGxnCHTmXH_lgI4lgIXjgIPiTHWhvH0hOGqg2GLfSEofHD1f4C1fMA1fJz7fHydfVxlf^3AWgmARgTAOgpBLg7CKgYDKg0Fzh4Gni6G1k4GNlZEImSDDnTBEnkBEnTABnqAyn3Asn" /><g i="27" c="411" p="%^LwqoLw1qVC1qVCqo" /><g i="28" c="412" p="#^QxXA%_zXA%_zmu%2AmuBAgvzBMvyCfwMDfwdFfwsGyvIHQutIotfJXrgJNpgJWnBIymWHalMGpkDFEj8EEjFCEjABgkwATkRz_l%Oz_l%HzVj%JxVjMxLkNxJlPxHmQxRn^_z$o$zMo1Axo4Aio8A5ouARmoB7mjColtDnlEEolrF0meGDmEGEn3HEo4HTp3H_r6Gft9FwuoDyubCwuiBQtpA7t5AZr2AMr0Ayr$zjr_z4r" /><g i="29" c="413" p="#^IK9n%aF9n%aFUo%BIUo%BIWtdI6uuHeuMGmuHFnuICluZAAsezOqbzAneznk2BCiSCQgZFOgeHPg7I0h0JdhHJxh%cKLfFJtfzIefuH$e0G_ebD$e8B7g6zeh0ybjWw8lVwGnVwFpwxgr8yTsfzXtuA6v2CEvDDawyF9wgH8wCIRvYJxvIKev" /><g i="30" c="414" p="#^QxSsPxHtNxxuMxmvJx_v%Cz_v%Jz_t%Oz_ttAavvBJvxCgwRDfwdFfwsGyvHHQutIotfJYrgJOpgJYnDIAm_HblQGqkHFEjaEEjICEjFBekDAQk2ASl%_zSl%_zfe%Qxfe^_zZo$zIo1Auo4Ago6A4ouAPmoB6mjColtDnlEEolrF0mfGDmFGEn4HEo4HTp3H_r5Get8FuuoDwuaCuuiBOtqA5t5AXr2ALr0Ayr$zlr_z8r" /><g i="31" c="415" p="#^5vfB$vgB1xXA4yCARyUzEz4zZzTxiAGwhAWu%hAVj%5yVj%5y3u5yvv$xnwWxgxKxNxzxiygxCySw2zewgzDvuzSuyz^dz9fBy9fcyyfQxWfQxwgQx4hbythyyRhazShQzRhbAthyA4hxAwgxAWfaAyfQz9fdz9f" /><g i="32" c="418" p="#^dJJtyI1uCHduGGpuGFquACnuUAAsdzNqbzFnczrl0AUjRAlijCxhNDJgMFIgQGJgHHWgyI6haJph%HJDfgJofgI9fgHVeHFUe3DVe5B0g7z6h0y5jWw4lVwJnWwuq$xos4ziuYAhvQCfwdFfwMGfwVH$v3JLvGJrv" /><g i="33" c="419" p="#^4GXA%gIXA%gIengIimhIuljIFklIVj%gGVj%cGKl%8GKlIFQkMEfkQDFjqCEj6BDjSzkkDy0lOxsm_wUnYw8qZw_rExmtkyKuuzvvEAfw3CfwxDewxEEvxF1v0G6u%4G6u^4G3r4Gjr0GCrZFUrUF6svFgtFEUtQDvuLCwuxBuuKATtXzgtyzfs9zer9z0qazYn7AHm5BqlPCnl3EplUE7mJFQmZFTn1G4o2Gko4Gzo4GOo" /><g i="34" c="420" p="#^MyfwszewRzPvfAnvfAHufAZtRzytsz6tNy6t7y6tIxytixZtixHuixnvHxPv5yewKyfw" /><g i="35" c="421" p="%^DGim3Aim3AZg$GZg$G9fVx9fVx_vnH_vnHau3Aau3A4oDG4o" /><g i="36" c="422" p="%^owVjvAPpcw_vDy_vnAgt#IAJs0Bds#lBJrEB9rIB9r#0CIrkCds#ECKs$CgtME_vgH_v0DKp8HVjMEVj4Dtm#MCYmtCrn#aCWnTBsoOBso#vBYncBun#VA$mAAumRyVj" /><g i="37" c="423" p="#^Qx_v%Zz_v%ZzIoZzqo0A9o3ATn9ADnqAMm7B7mQBtlSCql7EslLEnmoFhnoFLo%oF_v%xH_v%xHxoxHdoAHXnEHFnJHqn$HBmHI1mnJsljKqlFLrliMqmYMonYM9p%YM_v%5P_v%5PTo3POmqOFlNNvkSM3kYLCj7LEjgKEjCJSjZI3krIuk3IMkJH9lnHyl5H2m%1H2mDGZkKFjkSEFjCDEj7CGjdBkkjAZkQzSl%LzSl%FzVj%JxVjNxEkOxrlQxemQxan" /><g i="38" c="424" p="#^Qx_v%0A_v%0AIo0Aoo2A8o4ATnaAFnuAKmfB6m1Cul7Dsl9EtlMEYlnFrmEFfnWF3oWF2p%WF_v%6I_v%6IOo4IKmnHClHGukIF2kKECjUDEjgDEjICPj8CZjEBgk8BykKAYklAll4APl%0APl%0Afe%Qxfe" /><g i="39" c="425" p="#^cA_v%cAzl%4Fzl%4F_v%eH_v%eHVj%cAVj%cAijcAkitAxhLAKgpBfg3CMfdDLf1EMfIEZfnFagMFsg%oGNeUFre1FdebE_djD_dLA0eozqf2yQg2yfj%2yVj%lwVj%lwzl%2yzl%2y_v" /><g i="40" c="426" p="%^Vx9fVx_v3A_v3A5odI5odI_vpK_vpK9fdI9fdIcm3Acm3A9f" /><g i="41" c="427" p="#^2x9vLxDvWyXv5AfwlBfwkDewEEAvYFVuBGPtfHIseHoreHzp9Gpo5FfnYCrmdBOlpA4lBzlkBzcjBzCiVz1ieAshWA4hDBHgNCGgWDIgKEZgyFehZFuh%zGIf$Fnf3F8f8EUeRCUecBUe_zufMy4g4y6hpx7ipxsjqxdlBymmMzvnRBdoyDRoiEDp2Fpq1Fzr0FSs5EEtbDpuvBrumAqulz6ulyOtBxkt" /><g i="42" c="428" p="#^VxYvry1whz4w8A8wgB8wkD9wMEMvdGnv5HAuLHYt7I7twIhswIbrvIXpZH4psHcoFGHnTF9n2FYm%2FVmoGpm8HrlUHskUHdjUHdiwHuh9HKgvGfgJFCfBEjfuD0fTB1fIA1fFz7fDydfVxnf^3ARgkANgNALgfBIg$BHgGDHgGEkhGFZhIFrjHFHkKEtlNDem2Cgm%3Agm^3AVn%TBVn4DVn3Efo2FAoDFipdG0qeGarcGosBF6t$EQt0E8u2DsuUBsujBsuRAruoApu3Alu" /><g i="43" c="429" p="#^CNJe6NpehMcetL_dCK_d3I0eHGqfkFQgkFfj%kFVj%cAVj%cAtjcAEinAUhzA7h0BDgiBjgGB9g3C$fBC_f1D$fqD7gQDfg7Eqg%JEOenEBeODqedDfeBCfeABfeOAAe0AUeuzqfIycgmygh1yki2ytj%2yVj%lwVj%lwzl%2yzl%2y_v%cA_v%cAzl%kFzl%kF_v%wH_v%wHzl%lMzl%lM_v%xO_v%xOVj%vHVj%vHijuHkiMHxh2IJgIIfgmJMfwKLfgLMfVLYfyM8gZMpg" /><g i="44" c="430" p="#^wM_v%EO_v%BN9f%QK9f%QHingHToPGhqmGHr2GZs%ZFZsFFFrdFfqOERogEin%oB9f%Dy9f%sx_v%wz_v%ZzMo5ARmaAUkgAWiiAjh%lAjhIAPibBskHB5miCTn%0FTv%GGTv%EJJnhK_lPKoklLOiMLjh%RLjhQLXiVLTk$LOm5MBo" /><g i="45" c="433" p="%^swVj5A_v5C_v2Efq#mEhpEEjo#WEkn8FemcFem#qFinHFgo#YFdpgGdq7I_v7K_v0OVjRLVj7KZp#QJ1rAJ0s#lJ_scJVt7JVt#WI_sFI0s#oI1r2IXpaGVjkEVjlC2q#2C2rMB0s#uB_sgBVtcBVt#1BZsOA0s#zA3riA2qIyVj" /><g i="46" c="434" p="#^VxYvJy2wIz5wHA8wRB8wjE8wcGxv6IVuiJJtuKys5LUqJLepJLanJL7l5LEjuK8ilJ6hfI5gyGzfSE1fwC1fdB1f2A7fUydfVxnf^3AZgvATg8BPgNBLgDCKg3GNgMHwitJeksJfnrJHqBHxsMFnugCpuDBpu2BnuuAlu3Ahu" /><g i="47" c="435" p="%^$D_v0K9fIH9fREtn#hE7pNDIq#hDhsWCLtTCLt#xCgs4CIq#DB8p4Bsnsy9f6w9fBB_v" /><g i="48" c="436" p="%^5B_vhD_vhD_grI_grI9fZv9fZv_g5B_g" /><g i="49" c="437" p="%^Vx_v3A_v3AmorGmorGAm3AAm3AZgZGZgZG9fVx9f" /><g i="50" c="438" p="%^WC_vjFdn#NFCl5Gik#pGZiDGJhGGJh#RG_i6Hjk#nHDlMHdnUJ_vaM_vXQ9fJO9fvMEn#5MdpLLFq#pL4s8Ltt5Ltt#VK7sBKGq#hKcpWJHnTH9fBF9flDEn#VChpyCMq#bCesZButWBut#HBfsmBLq#2BfpGAGnGy9fnw9fEA_v" /><g i="51" c="439" p="%^Fx0xEEUeYCUe_v0x" /><g i="52" c="440" p="#^6zykfzEjuzziKzuh0AtgjAsfBAIe%bzSeQysfoysgYxrhyxBi8xKjRwOk^PCykYCEjbDzirDuhJDtg0EsfhEIe%UCSeyCsf6CsgGBrhfBBiRAKjzAOk" /><g i="53" c="441" p="%^Vx9fVx_v3A_v3A9f" /><g i="54" c="442" p="#^jyYeaySfWxXgHx$hox0j6x1kRwMk%eyDkBy1k1z2jtz2iTzVgiALfAAIe" /><g i="55" c="443" p="#^Jz8r%4A9f%Gx9f%1y8r^TyfwzzewYzPvlAnvlAIulA1uYzCtzzatTyatdyatPxCtpx1upxIupxnvOxPvcyewRyfw" /><g i="56" c="444" p="#^kyYebySfXxXgHx$hpx0j7x1kSwMk%fyDkBy1k0z2jsz2iSzVghALfAAIe^1CYeTBSfEBXgpB$h6B0jQA1kyAMk%YBDkiC1kJC2j9D2izDVg_DLfgEIe" /><g i="57" c="445" p="#^tBbr%sBzqnBCpIBJo2CQnTCSmODQloEPk$ENj0Fwi1FzhAEKg8EUfcDofhCTeRASeQzSeTy7fWxofgxRf%Txqhmy3h1zSgIzFgoAEgABGgaCfhNCQhNCOiMCDjjCrkTBfl0Bem5AmnJzsolzxptzxq%wzbr^sAfw8BewxBPvXBnvXBIuXB$txBAt8B8ttA8tPz8tozAt_y$t_yIu_ynvnzPvNzewqAfw" /><g i="58" c="446" p="#^MyrnszqnRz$mfAzmfAUleAblRzLkszjkNyik7yjkIxLkixblixUlixzmHx$m5yqnKyrn^MyfwszewRzPvfAnvfAIueA$tRzAtsz8tNy8t7y8tIxAtix$tixIuixnvHxPv5yewKyfw" /><g i="59" c="447" p="#^ZxVykyjyMyhxczgwDz5v2AWtkARs%Ux5tLx0uvx7vfxdwZwgxHwjyqw3z" /><g i="60" c="448" p="%^HADp9B_lMD_lhDDp^Pz_vtA4r3D4rpC_vVD_vzE4rXG4rXGDpNEDpeF_lvH_lvHxksFxk4GLfCELfYDxkmBxk_BLfxALfUzxkwxxkwx_lFz_lbzDpWwDpWw4rZy4rjy_v" /><g i="61" c="449" p="%^JCUebBoi8BoiBzVe3yLfqAOiqARiLwniLw3krABjrAEj3yHmvzBn7B3kaB3kGCzneEGmRBGjRBDjCF3kCFniRBTiRBPidELf" /><g i="62" c="450" p="#^2x9vFxzvMyVvTzewgBfwdDewxEAvSFVuwGPtbHIsbHorbHfqIGopdGxooF_nAEqnzDdn%zDan4FCmPFDlzGDkzGmjAGli4GthAFBgyE2gwDvfWBufBAvftzTflyegGxKg%fykiOyXhFzChwAhhvBfh0DhhHD$hmEIimEIjkEFkMDglcDTlnCamyBsmKAsm%vzsm%vz5o%KA5oOB5oKCroHDNohEvpUEcqWElrXE1sBELsgEttsDZtECsueBuu4Asu6z7u8yNtExst" /><g i="63" c="451" p="#^1L_viKbvCJtuXIKtgI0tbJVrMJlqmKNoHKOm%HIOmsIoo2IDpEHRq3HJreGOq8Fyp3EhoZC1n%ZCYmYEZlPFTkHGNjFGsiDGPgAFSfyEVeXCUexBVeAAwfEz6g9z2hGy_hGy1jGyXj1zQkpzJl3Aym%3ADmBypnHxCoOwPpNwxrNwPsoxTt$xXu8zBviAewXBfwkDgwyEPvNFlvSGkulHSuJHfv5IEvrI_v^jCCuMAAuQzEtUyHsSycrTykqdzGpAz$o4AyoAA4o2BOntCqpKDQq0FesOF4tbFLtiEauqDBulCCu^OCnguDogVDJglE2hyEyhLE1iLEyiKEBj_DnkeD8lXBRloBbl1BskGAJjFAQiGAQhcB7hKBpgMCng" /><g i="64" c="452" p="#^0D8y%0DyvjEjvbFHu3G3uvGbtYGisYGirYGEp_Fzo0Fun5DJmtB3mJArl_zPk_zSj_zljfASiwAni5B2iHBJhECIhRDKhCE1ioFjiNFzi%pGVgTFAg4FlghE5g9D2g%9DCd%DBCd%DB8gTzrgSywhSxAiRx9kSxMlXyMm1AMnZBuomD1p3ELpNEsqOEtrMEysZDdtaDUtPBWtLAVtQzCtVyitdyRs%Cxwuiy_ujzivkABvsBCv%sB8y" /><g i="65" c="453" p="%^_F_v_FyrgIyrgIRp_FRp_FLfCDLfnw6qnwyrWDyrWD_v^AyRpAyNpzCgk#UCJjdD8j#yDziWDSh_DSh#WD8jWDqkWDRp" /><g i="66" c="454" p="#^yCufUAufCztglyrhDxjjVwblVwWnZwYrpy5uSzewgCfw_EewrG2uUHRrVHHnUHNjvGEh7FvfyCuf^qCah6EdhVE$iJFMkJFOnJFXqUEKs4EwuoCzuTAxu$zQs7z7r5zXn7zDk1AViYAbhqCah" /><g i="67" c="455" p="%^UJznUJ4m$w4m$wzn^UJssUJZq$wZq$wss" /><g i="68" c="456" p="#^pMDwkLrw2K9wMITvvHzv%vHsvDJJuXKHsfMEqhMonhMUklL_iqK4hKI$f2HVeLEUesCVeHA_fWy3hWx2jWw1lVwLnWwsqWxksXybuCAbviCawkEfwzEgwPEkw4FpwlFvwPG0xrIvx4K$xOLsy^AEuuTCsuGBwttAAsRz2rdzvpdzHndzRlPzfkpAFiCBGhQCHgGEFgsGHgEHHhQIGipJek$JNl$Jvn_JrpmJ0rKIBsxHxtkGsuBEuu" /><g i="69" c="457" p="%^sw_vgG_vgGfuczfuczbu#CzKt_zgt#nAOsLAis8GhlaGVjYwVjYwGlvDGlvDKl#5DcmICGm#jC7nWBBnswJu" /><g i="70" c="458" p="#^vH_v%vHau%cAau%cA6u%vBWsdDhrtESpKFropG3n5HHl5Hck6H0jBGYh4GTgZEbgTDvf7CufJAufyzYfnypgxx7h%dyGiOybiGzMhzAkhGBihTCjhADMhiEciBEWiVEEjVEtkUEGleEUmBD5ofCzpWA0rRyZs%7xEu%7x_v" /><g i="71" c="459" p="#^PGLf%2zLf%_xynryun_yrnyznneAmnFConNDnoVEmpWEYqVE2snERsSDDt_C2u6Ctu3BuuXzsu0zbu6yVtBxAt%2xfvExEvHyXvLzew5BfwSCewdEwvAFOulGzt7Hjs7HIq6HapsG7oOF4nPEym3E5m9DTlgCFljBGlTAGlzAIlgAJl_zMl%CAAh%PGAh" /><g i="72" c="460" p="%^FCIiFCAo$wAo$w3qFC3qFC_veE_veE3qUJ3qUJAoeEAoeEIi" /><g i="73" c="461" p="%^VB_v0E_v0ELf9CLfByEh1zjjRBNhVBNh" /><g i="74" c="462" p="#^oyewOygwizewPzcwqA6wLBZvZCqvcESu9FXtnGNs8HUqWH_oXHjmWHajvGlh5FwfACufVAvfFzigpy4hJxoi1xHj1xfl1xEmCxMncyTogzxplAbqQBcq2Dcq$DLpZEipFFto%KFtovFVpXE_qoE3sADOsTCst$BRt8BeuaAnuCzquazsuLyuuoyru^oC8hyD9hhEOh0FrinFyjKFEkKF2mKFimGFvmDFHmxFRm5FBngE3orDxokCyoTAwo2AAndzEmbz5ldzlj4AgiYAahnC8h" /><g i="75" c="463" p="#^8AwnDy9oMxfpWwkqWwTrWw3tzx3udy2vrzEvFAewmCfwXDfwaFGvqG4v8H1uSHZsTHyrTH3q$G0p8GYnCEln%CEgn5GymIGyljHxkhHtjhHsiLGyheGEgbF4g8EvfzCuf7Buf_z1gSyzgcyxhyxviyxOjxxSk8yQlMyOm6Asn^qCGuRADu_zKt7zRs9zzrazoqVzwpFAEo5CdoLDGoHEvpEFjqGFMrEF1tNERtWDEuqCGu^rC2hqD3h1EshEEQhWEricF1jcFIjaFPkuEzlODimJCEmiBhmtAAlEzSkCzFjDzAilAQh3B4hrC2h" /><g i="76" c="464" p="#^XxVyiyjyKyhxbzgwCz5v1AWtlARs%Wx5tNx0uxx7vhxdw_wgxIwjyqw3z^ZyrnFzqn2A$mrAzmrAUlrAbl2ALkFzjkZyikjyjkVxLkvxblvxUlvxzmUx$miyqnXyrn" /><g i="77" c="465" p="%^qxLfqxzhnFzhnFDhjy_vBA_vFHbhFHLf" /><g i="78" c="466" p="#^oGvf5GvfHFxfhFyfOEDffDPfWBqgCA1hBz0inyejDx5lTwXmSwlpUwysqyouYzdwBCfwiEewvFrvIGEulHlt_H2s_HxqYH7oDGKmiFkl5DilLBjlLARlMznmazan%5zanhzPlYzCkEApjQBzi1DIhLEohdFkhEFjh3GhhoGih^BCzusByuFAYtTzltszjs2zgr0zVp1zCp5znp9z7pgzXoKz2ozAvnpBYmqCXmZDYmSEXnLFVoNFFqLFqsUEut2ExuDCzu" /><g i="79" c="467" p="#^TAFe3AHfkz8hByAi6yvkDxqmCxToDxjr5ydtAy6vjzyw3A_xTA0z%BC0zeBaxlAHutzbsrzTotzvlkA_icBtgBCFe" /><g i="80" c="468" p="#^cy0z0zZxLzwwvA4vZAatsBgrtBQosBmmZAskvAxiLz6h0zGfcyFe%vwFeTxugLyZiDzslFzOoDz9sKyGuSxbxvw0z" /><g i="81" c="469" p="#^bHDp2HqqBGcr9GZrwFusTE$s8E1tjD0tUCvsuCZruC7rvCUp1DTozDSnsEfnmFDmtGCmVGDmdHHmxHKmJHOm^HIywWHZwYGbx_FqxWEqx2DpxBBAw9AMvkzfuvyKsuyEqwy5oxzemyAmkeCljWDki_FjiXHkihJ8jDKXjkLll1MKm2Mzo1M1qDL3rdL4sCKDs$J9tlJ9tJI8twIssjIMrBIlq%rJPlYIAlgIrlAHilMGil0FjlHD8mmCZmCBjoSAEpRAdrTAJsEBytqCmuyDmuFEmuxFQtpGht3Has%aHas8HjtHHRteInu0JmucKmucLFtdMYsQMDrrNiqsNqosNjmyMHkEL2j$J7inIbhbGahpDchmBwijzQjcy0m5xbo4xOq5xdt6yZu8zJwRAFxzCCyEECyUFDyZGoy3I9y5JCx" /></glyphs></font><font id="20" name="Open SansBold Charset1 6PO9CH6oQyp"><glyphs><g i="0" c="384" p="#^0Czm%gDzm0FzmTFTlLGalLGRjLGwi0GUhiFfhLDfh%0Cfh^AKJjAKBmMI7oZGFpEDFp%0CFp%0C$v%ey$v%ey9e%XD9ebH9eTIyfAKXgAKJj" /><g i="1" c="385" p="#^zF5ikG5iQGci%yGHl5GzlsFzlFDzlFCumGBonGB2p%GB$v%Yx$v%Yxmi%MAmi%jBEk%vBEk8CujdDOiiE5izF5i" /><g i="2" c="386" p="#^BDLkpCLkKBvl4BemZADn%bGDnaGemtFvlNELkBDLk^7EfwQAfwZyru6xCs6xgp6xQlQyZjyA5iAD5itG5i4ILjHJolHJio%HJ6q%UA6qYAHrQBBsICutiEutwFutCGetJHZsWIps%WIhvXHMvQG$vJFfw7Efw" /><g i="3" c="387" p="%^bB$v$vmiUzmiwC7q#ZCBr4DWs8DWs#cDLrHD7qjGmidKmi0F$v" /><g i="4" c="388" p="#^NxPeNx$cPz$cRB$cRBPeRBHfkBagQAFgPzFgNxFgNxPe^GB$v%Yx$v%Yxmi%GBmi" /><g i="5" c="389" p="#^VA8pVAarABdsfCgtLDgteFgtUFesyGbryG8pyG6nTF6mdF5lJD5leC5lzB6mVA6nVA8p^mK8pmKusBInuRGfwIDfwKBfweAovKywuWxVs6xir6x8p6xOlSyYjCA5iMD5iKF5ieHYiKIOjyJplmK$mmK8p" /><g i="6" c="390" p="#^DH$v%7Hfu%WGfukGcvdFKv7EfwJCfwjAfw5zZuTxGtTxfr%Txmi%BBmi%BBkqBBNr6CxsEChtODhtmFht2GesLGbrLGMo%LGmi%uKmi%uK$v" /><g i="7" c="391" p="#^tHYrtH2u$F9vyEfwEBfw9Afw6z2w3yRv8xsv%8xnsaySstzctNAxtMBxtNDxtNDlsNDVrwDErfDmrBC0rXBGqQAcqgzypwy_oNxqorxIn6xZm6xVl6x4kwy5jXz5iwC5i_E5ijH9j%bGSlaFplhE8loDSksCSkPASkPALlPAfmlBDmTB_mGDIngFlo$FVoLGtp6HcqtHXqtHYr" /><g i="8" c="392" p="#^ey9e%OD9eBH9eiJef0Ljg0LFi0LgkgKilwJjmgIvm%gIEmZJ0nJK3otL5ptLPqtLftIJDuXH$vWE$v%ey$v^0Cdl%dEdlMFdlsGLk8Hgk8H9j8H8ioGIhEFfh0Efh%0Cfh^0Cdo%0CTs%uETs2GTsOGhsyHGryHrqyHdomEdo" /><g i="9" c="393" p="#^QJli%QJdk%HHNkhIHlhIRmhI1pKGgqcFvruCvr%PBsr%gBorHAQrHAnsHAatLCat%3FatjHatuI8uGJ5vGJZwGJmzGHGAGF$BXB$B4z$Bzx$A3w$z3wdy3w_wQw9wCxkv5zZuwyJu5yauGxCtGx_sGxds6yIrzyarqzGqlycqJxbp5x9o5xMm5xxkyyjj$z5iHC5igD5i2EbiREhi3Fli^hzWxhzHy0A7zMAAz5CAz5EAzeF0znGtynGwxnGLwIFsw1FawDDaw%HBawGAawZzEwhz7xhzWx^EAPmEAXn8BBoFBepHCepLDepeEBoJEXnJEPmJEmkHCmkEAmkEAPm" /><g i="10" c="394" p="#^yK$v%QG$v%QG1oQGxmiGPlNF4lDE4l3D4lmC7mGB9nGBAp%GB$v%Yx$v%Yxmi%OAmi%iB5k%vB5k7C5jdDBijE5iIF5i4I5ijJnjyKFkyK5n" /><g i="11" c="395" p="#^0C4m%fD4m1F4mUFulLGTkLGBjLGjiTFNh$EfhaDfh%0Cfh^0C9p%0C$v%ey$v%ey9e%rD9e4H9ePIufzKOgzKvjzK4lHJjmQIxnfHdogLeuvM$v%iI$v%1E9p" /><g i="12" c="396" p="#^IDhtGEht2GRs%2GDvFEfwDCfwoAfwmz6vlyZtlyKr%ly9l%zw9l%zwAj%Dyki%Hzsf%4Csf%4Cmi%VFmi%VF9l%4C9l%4CJr4CwswCVsZChtIDht" /><g i="13" c="397" p="#^CG$v%UF8u%NF8uREjvRDNvSCfwgBfwizfway7v2x$t2xWr2xLpzyJo4AHn8DAn%vFwn%vFVmvFRkoDRkLBRkyzQl%jyjjGA4ixD4ihG4iKHhjcJtkcJVm%cJ$v^vFHp%3EKpsCNpFBjqSARqSAYrSAxtGCxtYDxtJENsvF1svFOq" /><g i="14" c="398" p="#" /><g i="15" c="399" p="#^rO2nrOcqjNkscMsu1Ksv%kOfA%uJfA%dGfw%XFfwRBfwEzTtrxurrx1nrxziEzdgRBTdZFTd4KTdfMfgrOCirO2n^pB2npB2qyCzrHD4tXF4ttK4ttK2ntK1hZF1hID1hyCyipB3kpB2n" /><g i="16" c="400" p="%^rH$vFw$vFwOt_Ccl2xcl2xmidHmidHMk4B9trH9t" /><g i="17" c="401" p="#^QF2hHD2hwCFilBfklB7nlB5tQF5tIH5tnK8s%nKkvbIfwtFfwABfwvzUtrxwrrx5nrxjksyditz7gmB0fgDUdQFUdqIUd2L8f%QJdiQILhPHphOG2hQF2h" /><g i="18" c="403" p="#^gCfwSzfwuynu6xvs6xbp6xQlvyZjVz5inC5iYE5iiG5k%qG5k8Gzi8Gmh%8G$c%TJ$c%TJ$v%0H$v%iGeu%8GeuTEfwgCfw^ADht$EhtGFsslGCrpGDp%pGdppG0nJF4m2F7lwD7lgC7lABbmUAenUAfpUAgrABhshChtADht" /><g i="19" c="404" p="%^GB$vYx$vYx$cGB$c" /><g i="20" c="405" p="#^MM9e%MMIpMMGrTLat_KFujJsvEHfwmFfwWBfw0Auu6yJs6yFp%6y9e%UB9e%UB4pUB8rIC6sxD4ttF4tjH4t8I6s_I7r_I2p%_I9e" /><g i="21" c="406" p="#^uDfw6xfw6xfp6xMlRyXjAA5iPD5ibG5i4I0j%ZGUl5GxlkFjlAE5lPD5lVA5lVAdpVAetPDetUEetPFYsKGFsEH2s%EHevKGOvPF0wUEfwuDfw" /><g i="22" c="407" p="%^ODvlwH9eBL9eGF2pGF$vVB$vVBap_v9e5A9e" /><g i="23" c="408" p="%^4O$vgJ$vvBvioBvi#DB3mDBBnDB$vey$vey9e0D9eMKwrSKwr#GK1oGKBmGK9e4O9e" /><g i="24" c="409" p="#^0F_l%5M_l%5MevnKOvSI0wlHfwLFfwIBfwzzTtrxurrx2nrxJiVzjgoCUdNGUdwJUd4M_e%PK$hSI2hLG2hiE2hPCHilBkklB7nlB0qxCzrJD5t$F5taH5tpIRs%pI8p%0F8p" /></glyphs></font><font id="30" name="Wingdings Charset1 6qNBWnb25QA"><glyphs><g i="0" c="256" p="%^6yAq6yljlFljlFAq" /><g i="1" c="257" p="#" /></glyphs></font><font id="40" name="Arial Charset1 5izPilyWTk2"><glyphs><g i="0" c="880" p="#^kxdnkxXley2l8z8kpA8kHB8kBC2lwDXlwDdnwDvoBCqpHBkqpAkq8zkqeyqpkxvokxdn" /><g i="1" c="881" p="#" /></glyphs></font><font id="50" name="ArialBold Charset1 6gGmDsnzSYZ"><glyphs><g i="0" c="880" p="#^0E9n0EFoYCJpUBNqpANqVyNqRxJpOwEoOw9nOwGlRxDkVyzjpAzjUBzjYCCk0EFl0E9n" /><g i="1" c="881" p="#" /></glyphs></font></bwFonts>