﻿<?xml version="1.0" encoding="utf-8"?><meta xmlns:xsi="http://www.w3.org/2001/XMLSchema-instance" xmlns:xsd="http://www.w3.org/2001/XMLSchema"><project id="69v01QzgW3Q" courseid="61ViyA8qBB8_course_id" thumburl="story_content/thumbnail.jpg" title="UALR Admissions Application Guide" datepublished="2015-04-24T14:17:14" version="1.0.0.0" flashdata="story_content/data.swf" html5data="mobile/data.js" mobiledata="mobile/data.gz" enabledownload="true" duration="About 20 mins" totalaudio="619243" totalvideo="0"><description>A Self-Paced Admissions Application Guide to Assist in a Smooth Application Process</description><keywords /><slidemeta moniker="slide" monikerplural="slides" viewslides="4" slidecountdescription="4 slides" /><author name="Cody Adam Henslee" email="cahenslee@ualr.edu" website="" /><application name="Articulate Storyline" version="2.4.1501.717" xmlversion="3.0" /></project></meta>